{
"lengthUnit": "mil",
"components": {
	"fields": ["COMPONENT_NO", "COMPONENT_NAME", "LAYER", "X_COORDINATE", "Y_COORDINATE", "ANGLE"],
	"rows": [
		[1, "B1", "B", 748.03, -433.07, 180],
		[2, "C9 100NF", "T", 935.63, -645.63, 0],
		[3, "C10 100NF", "T", 479.86, -434.22, 90],
		[4, "R6 4.7K", "T", 396.56, -236.22, 90],
		[5, "R7 4.7K", "T", 497.82, -149.58, 270],
		[6, "R8 NP", "T", 701.89, -675.63, 0],
		[7, "U7 DS3231SN", "T", 790, -300, 0],
		[8, "U27", "T", 1450, -433.07, 90],
		[9, "U29", "T", 45, -433.07, 270]
	]
},
"pins": {
	"fields": ["PIN_NO", "PIN_NAME", "PIN_X", "PIN_Y", "LAYER", "PIN_TYPE", "NET_NAME", "NET_TYPE", "PAD_SHAPE", "PAD_SIZEX", "PAD_SIZEY", "HOLE_SIZE", "PAD_ANGLE"],
	"rows": [
		[1, "B1_1", 1141.73, -433.07, "T", "DIP", "GND", "GND", "C", 70.87, 70.87, 47.24, 180],
		[2, "B1_1", 1141.73, -433.07, "B", "DIP", "GND", "GND", "C", 70.87, 70.87, 47.24, 180],
		[3, "B1_2", 354.34, -433.07, "T", "DIP", "$1N411", "", "C", 70.87, 70.87, 47.24, 180],
		[4, "B1_2", 354.34, -433.07, "B", "DIP", "$1N411", "", "C", 70.87, 70.87, 47.24, 180],
		[5, "C9 100NF_1", 896.26, -645.63, "T", "SMD", "GND", "GND", "R", 55.51, 53.15, 0, 0],
		[6, "C9 100NF_2", 975, -645.63, "T", "SMD", "3V3", "", "R", 55.51, 53.15, 0, 0],
		[7, "C10 100NF_1", 479.86, -473.59, "T", "SMD", "GND", "GND", "R", 55.51, 53.15, 0, 90],
		[8, "C10 100NF_2", 479.86, -394.85, "T", "SMD", "$1N411", "", "R", 55.51, 53.15, 0, 90],
		[9, "R6 4.7K_1", 396.56, -275.59, "T", "SMD", "SDA", "", "R", 44.59, 54.21, 0, 90],
		[10, "R6 4.7K_2", 396.56, -196.85, "T", "SMD", "3V3", "", "R", 44.59, 54.21, 0, 90],
		[11, "R7 4.7K_1", 497.82, -110.21, "T", "SMD", "SCL", "", "R", 44.59, 54.21, 0, 270],
		[12, "R7 4.7K_2", 497.82, -188.95, "T", "SMD", "3V3", "", "R", 44.59, 54.21, 0, 270],
		[13, "R8 NP_1", 662.52, -675.63, "T", "SMD", "3V3", "", "R", 44.59, 54.21, 0, 0],
		[14, "R8 NP_2", 741.26, -675.63, "T", "SMD", "SQW", "", "R", 44.59, 54.21, 0, 0],
		[15, "U7 DS3231SN_1", 615, -487.02, "T", "SMD", "32KHZ", "", "O", 22.6, 94.51, 0, 0],
		[16, "U7 DS3231SN_2", 665, -487.02, "T", "SMD", "3V3", "", "O", 22.6, 94.51, 0, 0],
		[17, "U7 DS3231SN_3", 715, -487.02, "T", "SMD", "SQW", "", "O", 22.6, 94.51, 0, 0],
		[18, "U7 DS3231SN_4", 765, -487.02, "T", "SMD", "U7 DS3231SN_4", "", "O", 22.6, 94.51, 0, 0],
		[19, "U7 DS3231SN_5", 815, -487.02, "T", "SMD", "GND", "GND", "O", 22.6, 94.51, 0, 0],
		[20, "U7 DS3231SN_6", 865, -487.02, "T", "SMD", "GND", "GND", "O", 22.6, 94.51, 0, 0],
		[21, "U7 DS3231SN_7", 915, -487.02, "T", "SMD", "GND", "GND", "O", 22.6, 94.51, 0, 0],
		[22, "U7 DS3231SN_8", 965, -487.02, "T", "SMD", "GND", "GND", "O", 22.6, 94.51, 0, 0],
		[23, "U7 DS3231SN_9", 965, -112.98, "T", "SMD", "GND", "GND", "O", 22.6, 94.51, 0, 0],
		[24, "U7 DS3231SN_10", 915, -112.98, "T", "SMD", "GND", "GND", "O", 22.6, 94.51, 0, 0],
		[25, "U7 DS3231SN_11", 865, -112.98, "T", "SMD", "GND", "GND", "O", 22.6, 94.51, 0, 0],
		[26, "U7 DS3231SN_12", 815, -112.98, "T", "SMD", "GND", "GND", "O", 22.6, 94.51, 0, 0],
		[27, "U7 DS3231SN_13", 765, -112.98, "T", "SMD", "GND", "GND", "O", 22.6, 94.51, 0, 0],
		[28, "U7 DS3231SN_14", 715, -112.98, "T", "SMD", "$1N411", "", "O", 22.6, 94.51, 0, 0],
		[29, "U7 DS3231SN_15", 665, -112.98, "T", "SMD", "SDA", "", "O", 22.6, 94.51, 0, 0],
		[30, "U7 DS3231SN_16", 615, -112.98, "T", "SMD", "SCL", "", "O", 22.6, 94.51, 0, 0],
		[31, "U27_1", 1450, -580.71, "T", "DIP", "SCL", "", "R", 60, 62.99, 43.31, 90],
		[32, "U27_1", 1450, -580.71, "B", "DIP", "SCL", "", "R", 60, 62.99, 43.31, 90],
		[33, "U27_2", 1450, -482.28, "T", "DIP", "SDA", "", "C", 62.99, 62.99, 43.31, 90],
		[34, "U27_2", 1450, -482.28, "B", "DIP", "SDA", "", "C", 62.99, 62.99, 43.31, 90],
		[35, "U27_3", 1450, -383.86, "T", "DIP", "3V3", "", "C", 62.99, 62.99, 43.31, 90],
		[36, "U27_3", 1450, -383.86, "B", "DIP", "3V3", "", "C", 62.99, 62.99, 43.31, 90],
		[37, "U27_4", 1450, -285.43, "T", "DIP", "GND", "GND", "C", 62.99, 62.99, 43.31, 90],
		[38, "U27_4", 1450, -285.43, "B", "DIP", "GND", "GND", "C", 62.99, 62.99, 43.31, 90],
		[39, "U29_1", 45, -679.15, "T", "DIP", "32KHZ", "", "R", 60, 62.99, 43.31, 270],
		[40, "U29_1", 45, -679.15, "B", "DIP", "32KHZ", "", "R", 60, 62.99, 43.31, 270],
		[41, "U29_2", 45, -580.72, "T", "DIP", "SQW", "", "C", 62.99, 62.99, 43.31, 270],
		[42, "U29_2", 45, -580.72, "B", "DIP", "SQW", "", "C", 62.99, 62.99, 43.31, 270],
		[43, "U29_3", 45, -482.3, "T", "DIP", "SCL", "", "C", 62.99, 62.99, 43.31, 270],
		[44, "U29_3", 45, -482.3, "B", "DIP", "SCL", "", "C", 62.99, 62.99, 43.31, 270],
		[45, "U29_4", 45, -383.87, "T", "DIP", "SDA", "", "C", 62.99, 62.99, 43.31, 270],
		[46, "U29_4", 45, -383.87, "B", "DIP", "SDA", "", "C", 62.99, 62.99, 43.31, 270],
		[47, "U29_5", 45, -285.44, "T", "DIP", "3V3", "", "C", 62.99, 62.99, 43.31, 270],
		[48, "U29_5", 45, -285.44, "B", "DIP", "3V3", "", "C", 62.99, 62.99, 43.31, 270],
		[49, "U29_6", 45, -187.01, "T", "DIP", "GND", "GND", "C", 62.99, 62.99, 43.31, 270],
		[50, "U29_6", 45, -187.01, "B", "DIP", "GND", "GND", "C", 62.99, 62.99, 43.31, 270]
	]
}
}