{
"lengthUnit": "mil",
"components": {
	"fields": ["COMPONENT_NO", "COMPONENT_NAME", "LAYER", "X_COORDINATE", "Y_COORDINATE", "ANGLE"],
	"rows": [
		[1, "%E6%8C%89%E9%94%AE1", "T", 1120.07, -105.11, 90],
		[2, "%E6%8C%89%E9%94%AE2", "T", 1646.06, -105.11, 90],
		[3, "%E6%8C%89%E9%94%AE3", "T", 2212.99, -105.11, 90],
		[4, "%E6%97%A0%E6%BA%90%E8%9C%82%E9%B8%A3%E5%99%A8", "B", 1263.78, -1527.56, 180],
		[5, "%E7%94%B5%E6%BA%90%E5%BC%80%E5%85%B31", "T", 118.11, -380.83, 0],
		[6, "LEFT", "B", 1811.7, -338.58, 0],
		[7, "R1", "B", 401.57, -1200.79, 90],
		[8, "R2", "B", 271.65, -1200.79, 90],
		[9, "R6", "T", 299.21, -814.96, 90],
		[10, "RIGHT", "B", 1810.24, -1027.56, 180],
		[11, "TYPE-C%E7%94%B5%E6%BA%90", "B", 311.02, -1657.48, 180],
		[12, "U6", "T", 982.28, -105.11, 90],
		[13, "U8", "T", 1508.26, -105.11, 90],
		[14, "U10", "T", 2075.2, -105.11, 90],
		[15, "U15", "T", 1751.97, -1228.35, 0],
		[16, "U16 %E5%B7%A6", "T", 2518.62, -102.36, 90],
		[17, "U17", "T", 118.11, -695.79, 0],
		[18, "U18 %E4%B8%8B", "T", 2664.96, -101.94, 90],
		[19, "U19 %E4%B8%AD", "T", 2805.63, -106.94, 90],
		[20, "U20 %E5%8F%B3", "T", 2935.55, -106.94, 90],
		[21, "U21", "T", 118.11, -538.31, 0],
		[22, "U22", "T", 113.88, -1011.39, 0],
		[23, "U23", "T", 113.88, -857.88, 0]
	]
},
"pins": {
	"fields": ["PIN_NO", "PIN_NAME", "PIN_X", "PIN_Y", "LAYER", "PIN_TYPE", "NET_NAME", "NET_TYPE", "PAD_SHAPE", "PAD_SIZEX", "PAD_SIZEY", "HOLE_SIZE", "PAD_ANGLE"],
	"rows": [
		[1, "%25E6%258C%2589%25E9%2594%25AE1_1", 1125.07, -105.11, "T", "SMD", "GND", "GND", "O", 62.99, 118.11, 0, 180],
		[2, "%25E6%258C%2589%25E9%2594%25AE2_1", 1651.06, -105.11, "T", "SMD", "GND", "GND", "O", 62.99, 118.11, 0, 180],
		[3, "%25E6%258C%2589%25E9%2594%25AE3_1", 2217.99, -105.11, "T", "SMD", "GND", "GND", "O", 62.99, 118.11, 0, 180],
		[4, "%25E6%2597%25A0%25E6%25BA%2590%25E8%259C%2582%25E9%25B8%25A3%25E5%2599%25A8_1", 1391.78, -1527.56, "T", "DIP", "BUZZER", "", "C", 70, 70, 35.4, 180],
		[5, "%25E6%2597%25A0%25E6%25BA%2590%25E8%259C%2582%25E9%25B8%25A3%25E5%2599%25A8_1", 1391.78, -1527.56, "B", "DIP", "BUZZER", "", "C", 70, 70, 35.4, 180],
		[6, "%25E6%2597%25A0%25E6%25BA%2590%25E8%259C%2582%25E9%25B8%25A3%25E5%2599%25A8_2", 1135.78, -1527.56, "T", "DIP", "GND", "GND", "C", 70, 70, 35.4, 180],
		[7, "%25E6%2597%25A0%25E6%25BA%2590%25E8%259C%2582%25E9%25B8%25A3%25E5%2599%25A8_2", 1135.78, -1527.56, "B", "DIP", "GND", "GND", "C", 70, 70, 35.4, 180],
		[8, "%25E7%2594%25B5%25E6%25BA%2590%25E5%25BC%2580%25E5%2585%25B31_1", 118.11, -385.83, "T", "SMD", "VCC", "", "O", 62.99, 118.11, 0, 90],
		[9, "LEFT_1", 1061.7, -338.58, "T", "DIP", "GND", "GND", "R", 62, 62, 35, 0],
		[10, "LEFT_1", 1061.7, -338.58, "B", "DIP", "GND", "GND", "R", 62, 62, 35, 0],
		[11, "LEFT_2", 1161.7, -338.58, "T", "DIP", "VCC", "", "C", 62, 62, 35, 0],
		[12, "LEFT_2", 1161.7, -338.58, "B", "DIP", "VCC", "", "C", 62, 62, 35, 0],
		[13, "LEFT_3", 1261.7, -338.58, "T", "DIP", "LEFT_3", "", "C", 62, 62, 35, 0],
		[14, "LEFT_3", 1261.7, -338.58, "B", "DIP", "LEFT_3", "", "C", 62, 62, 35, 0],
		[15, "LEFT_4", 1361.7, -338.58, "T", "DIP", "BTN1", "", "C", 62, 62, 35, 0],
		[16, "LEFT_4", 1361.7, -338.58, "B", "DIP", "BTN1", "", "C", 62, 62, 35, 0],
		[17, "LEFT_5", 1461.7, -338.58, "T", "DIP", "BTN2", "", "C", 62, 62, 35, 0],
		[18, "LEFT_5", 1461.7, -338.58, "B", "DIP", "BTN2", "", "C", 62, 62, 35, 0],
		[19, "LEFT_6", 1561.7, -338.58, "T", "DIP", "BTN3", "", "C", 62, 62, 35, 0],
		[20, "LEFT_6", 1561.7, -338.58, "B", "DIP", "BTN3", "", "C", 62, 62, 35, 0],
		[21, "LEFT_7", 1661.7, -338.58, "T", "DIP", "LEFT_7", "", "C", 62, 62, 35, 0],
		[22, "LEFT_7", 1661.7, -338.58, "B", "DIP", "LEFT_7", "", "C", 62, 62, 35, 0],
		[23, "LEFT_8", 1761.7, -338.58, "T", "DIP", "GND", "GND", "R", 62, 62, 35, 0],
		[24, "LEFT_8", 1761.7, -338.58, "B", "DIP", "GND", "GND", "R", 62, 62, 35, 0],
		[25, "LEFT_9", 1861.7, -338.58, "T", "DIP", "LEFT_9", "", "C", 62, 62, 35, 0],
		[26, "LEFT_9", 1861.7, -338.58, "B", "DIP", "LEFT_9", "", "C", 62, 62, 35, 0],
		[27, "LEFT_10", 1961.7, -338.58, "T", "DIP", "LEFT_10", "", "C", 62, 62, 35, 0],
		[28, "LEFT_10", 1961.7, -338.58, "B", "DIP", "LEFT_10", "", "C", 62, 62, 35, 0],
		[29, "LEFT_11", 2061.7, -338.58, "T", "DIP", "GPIO_6", "", "C", 62, 62, 35, 0],
		[30, "LEFT_11", 2061.7, -338.58, "B", "DIP", "GPIO_6", "", "C", 62, 62, 35, 0],
		[31, "LEFT_12", 2161.7, -338.58, "T", "DIP", "GPIO_10", "", "C", 62, 62, 35, 0],
		[32, "LEFT_12", 2161.7, -338.58, "B", "DIP", "GPIO_10", "", "C", 62, 62, 35, 0],
		[33, "LEFT_13", 2261.7, -338.58, "T", "DIP", "GPIO_3", "", "C", 62, 62, 35, 0],
		[34, "LEFT_13", 2261.7, -338.58, "B", "DIP", "GPIO_3", "", "C", 62, 62, 35, 0],
		[35, "LEFT_14", 2361.7, -338.58, "T", "DIP", "GPIO_2", "", "C", 62, 62, 35, 0],
		[36, "LEFT_14", 2361.7, -338.58, "B", "DIP", "GPIO_2", "", "C", 62, 62, 35, 0],
		[37, "LEFT_15", 2461.7, -338.58, "T", "DIP", "LEFT_15", "", "C", 62, 62, 35, 0],
		[38, "LEFT_15", 2461.7, -338.58, "B", "DIP", "LEFT_15", "", "C", 62, 62, 35, 0],
		[39, "LEFT_16", 2561.7, -338.58, "T", "DIP", "GND", "GND", "R", 62, 62, 35, 0],
		[40, "LEFT_16", 2561.7, -338.58, "B", "DIP", "GND", "GND", "R", 62, 62, 35, 0],
		[41, "R1_1", 401.57, -1240.16, "B", "SMD", "$1N4002", "", "R", 44.59, 54.21, 0, 90],
		[42, "R1_2", 401.57, -1161.42, "B", "SMD", "GND", "GND", "R", 44.59, 54.21, 0, 90],
		[43, "R2_1", 271.65, -1240.16, "B", "SMD", "$1N4005", "", "R", 44.59, 54.21, 0, 90],
		[44, "R2_2", 271.65, -1161.42, "B", "SMD", "GND", "GND", "R", 44.59, 54.21, 0, 90],
		[45, "R6_1", 299.21, -854.33, "T", "SMD", "GPIO_2", "", "R", 44.59, 54.21, 0, 90],
		[46, "R6_2", 299.21, -775.59, "T", "SMD", "GND", "GND", "R", 44.59, 54.21, 0, 90],
		[47, "RIGHT_1", 2560.24, -1027.56, "T", "DIP", "GND", "GND", "R", 62, 62, 35, 180],
		[48, "RIGHT_1", 2560.24, -1027.56, "B", "DIP", "GND", "GND", "R", 62, 62, 35, 180],
		[49, "RIGHT_2", 2460.24, -1027.56, "T", "DIP", "BUZZER", "", "C", 62, 62, 35, 180],
		[50, "RIGHT_2", 2460.24, -1027.56, "B", "DIP", "BUZZER", "", "C", 62, 62, 35, 180],
		[51, "RIGHT_3", 2360.24, -1027.56, "T", "DIP", "VOICE", "", "C", 62, 62, 35, 180],
		[52, "RIGHT_3", 2360.24, -1027.56, "B", "DIP", "VOICE", "", "C", 62, 62, 35, 180],
		[53, "RIGHT_4", 2260.24, -1027.56, "T", "DIP", "RIGHT_4", "", "C", 62, 62, 35, 180],
		[54, "RIGHT_4", 2260.24, -1027.56, "B", "DIP", "RIGHT_4", "", "C", 62, 62, 35, 180],
		[55, "RIGHT_5", 2160.24, -1027.56, "T", "DIP", "RIGHT_5", "", "C", 62, 62, 35, 180],
		[56, "RIGHT_5", 2160.24, -1027.56, "B", "DIP", "RIGHT_5", "", "C", 62, 62, 35, 180],
		[57, "RIGHT_6", 2060.24, -1027.56, "T", "DIP", "RIGHT_6", "", "C", 62, 62, 35, 180],
		[58, "RIGHT_6", 2060.24, -1027.56, "B", "DIP", "RIGHT_6", "", "C", 62, 62, 35, 180],
		[59, "RIGHT_7", 1960.24, -1027.56, "T", "DIP", "GND", "GND", "R", 62, 62, 35, 180],
		[60, "RIGHT_7", 1960.24, -1027.56, "B", "DIP", "GND", "GND", "R", 62, 62, 35, 180],
		[61, "RIGHT_8", 1860.24, -1027.56, "T", "DIP", "RIGHT_8", "", "C", 62, 62, 35, 180],
		[62, "RIGHT_8", 1860.24, -1027.56, "B", "DIP", "RIGHT_8", "", "C", 62, 62, 35, 180],
		[63, "RIGHT_9", 1760.24, -1027.56, "T", "DIP", "RIGHT_9", "", "C", 62, 62, 35, 180],
		[64, "RIGHT_9", 1760.24, -1027.56, "B", "DIP", "RIGHT_9", "", "C", 62, 62, 35, 180],
		[65, "RIGHT_10", 1660.24, -1027.56, "T", "DIP", "RIGHT_10", "", "C", 62, 62, 35, 180],
		[66, "RIGHT_10", 1660.24, -1027.56, "B", "DIP", "RIGHT_10", "", "C", 62, 62, 35, 180],
		[67, "RIGHT_11", 1560.24, -1027.56, "T", "DIP", "RIGHT_11", "", "C", 62, 62, 35, 180],
		[68, "RIGHT_11", 1560.24, -1027.56, "B", "DIP", "RIGHT_11", "", "C", 62, 62, 35, 180],
		[69, "RIGHT_12", 1460.24, -1027.56, "T", "DIP", "RIGHT_12", "", "C", 62, 62, 35, 180],
		[70, "RIGHT_12", 1460.24, -1027.56, "B", "DIP", "RIGHT_12", "", "C", 62, 62, 35, 180],
		[71, "RIGHT_13", 1360.24, -1027.56, "T", "DIP", "3V3", "", "C", 62, 62, 35, 180],
		[72, "RIGHT_13", 1360.24, -1027.56, "B", "DIP", "3V3", "", "C", 62, 62, 35, 180],
		[73, "RIGHT_14", 1260.24, -1027.56, "T", "DIP", "GND", "GND", "R", 62, 62, 35, 180],
		[74, "RIGHT_14", 1260.24, -1027.56, "B", "DIP", "GND", "GND", "R", 62, 62, 35, 180],
		[75, "RIGHT_15", 1160.24, -1027.56, "T", "DIP", "RIGHT_15", "", "C", 62, 62, 35, 180],
		[76, "RIGHT_15", 1160.24, -1027.56, "B", "DIP", "RIGHT_15", "", "C", 62, 62, 35, 180],
		[77, "RIGHT_16", 1060.24, -1027.56, "T", "DIP", "RIGHT_16", "", "C", 62, 62, 35, 180],
		[78, "RIGHT_16", 1060.24, -1027.56, "B", "DIP", "RIGHT_16", "", "C", 62, 62, 35, 180],
		[79, "TYPE-C%25E7%2594%25B5%25E6%25BA%2590_7", 481.1, -1640.46, "T", "DIP", "GND", "GND", "O", 39.37, 86.61, 70.87, 180],
		[80, "TYPE-C%25E7%2594%25B5%25E6%25BA%2590_7", 481.1, -1640.46, "B", "DIP", "GND", "GND", "O", 39.37, 86.61, 70.87, 180],
		[81, "TYPE-C%25E7%2594%25B5%25E6%25BA%2590_8", 140.95, -1640.46, "T", "DIP", "GND", "GND", "O", 39.37, 86.61, 70.87, 180],
		[82, "TYPE-C%25E7%2594%25B5%25E6%25BA%2590_8", 140.95, -1640.46, "B", "DIP", "GND", "GND", "O", 39.37, 86.61, 70.87, 180],
		[83, "TYPE-C%25E7%2594%25B5%25E6%25BA%2590_A12", 202.76, -1674.51, "B", "SMD", "GND", "GND", "P", 31.5, 78.74, 0, 180],
		[84, "TYPE-C%25E7%2594%25B5%25E6%25BA%2590_A5", 330.71, -1674.51, "B", "SMD", "$1N4002", "", "R", 28.35, 78.74, 0, 180],
		[85, "TYPE-C%25E7%2594%25B5%25E6%25BA%2590_A9", 251.58, -1674.51, "B", "SMD", "SW", "", "R", 29.92, 78.74, 0, 180],
		[86, "TYPE-C%25E7%2594%25B5%25E6%25BA%2590_B12", 419.29, -1674.51, "B", "SMD", "GND", "GND", "R", 31.5, 78.74, 0, 180],
		[87, "TYPE-C%25E7%2594%25B5%25E6%25BA%2590_B5", 291.34, -1674.51, "B", "SMD", "$1N4005", "", "R", 28.35, 78.74, 0, 180],
		[88, "TYPE-C%25E7%2594%25B5%25E6%25BA%2590_B9", 370.47, -1674.51, "B", "SMD", "SW", "", "R", 29.92, 78.74, 0, 180],
		[89, "U6_1", 987.28, -105.11, "T", "SMD", "BTN1", "", "O", 62.99, 118.11, 0, 180],
		[90, "U8_1", 1513.26, -105.11, "T", "SMD", "BTN2", "", "O", 62.99, 118.11, 0, 180],
		[91, "U10_1", 2080.2, -105.11, "T", "SMD", "BTN3", "", "O", 62.99, 118.11, 0, 180],
		[92, "U15_1", 2691.97, -1708.35, "T", "DIP", "U15_1", "", "C", 78.74, 78.74, 47.24, 270],
		[93, "U15_1", 2691.97, -1708.35, "B", "DIP", "U15_1", "", "C", 78.74, 78.74, 47.24, 270],
		[94, "U15_2", 2691.97, -1608.35, "T", "DIP", "VOICE", "", "C", 78.74, 78.74, 47.24, 270],
		[95, "U15_2", 2691.97, -1608.35, "B", "DIP", "VOICE", "", "C", 78.74, 78.74, 47.24, 270],
		[96, "U15_3", 2691.97, -1508.35, "T", "DIP", "GND", "GND", "R", 78.74, 78.74, 47.24, 270],
		[97, "U15_3", 2691.97, -1508.35, "B", "DIP", "GND", "GND", "R", 78.74, 78.74, 47.24, 270],
		[98, "U15_4", 2691.97, -1408.35, "T", "DIP", "3V3", "", "C", 78.74, 78.74, 47.24, 270],
		[99, "U15_4", 2691.97, -1408.35, "B", "DIP", "3V3", "", "C", 78.74, 78.74, 47.24, 270],
		[100, "U15_5", 2691.97, -1308.35, "T", "DIP", "GND", "GND", "R", 78.74, 78.74, 47.24, 270],
		[101, "U15_5", 2691.97, -1308.35, "B", "DIP", "GND", "GND", "R", 78.74, 78.74, 47.24, 270],
		[102, "U16 %25E5%25B7%25A6_1", 2523.62, -102.36, "T", "SMD", "GPIO_3", "", "O", 62.99, 118.11, 0, 180],
		[103, "U17_1", 118.11, -700.79, "T", "SMD", "GND", "GND", "O", 62.99, 118.11, 0, 90],
		[104, "U18 %25E4%25B8%258B_1", 2669.96, -101.94, "T", "SMD", "SW", "", "O", 62.99, 118.11, 0, 180],
		[105, "U19 %25E4%25B8%25AD_1", 2810.63, -106.94, "T", "SMD", "VCC", "", "O", 62.99, 118.11, 0, 180],
		[106, "U20 %25E5%258F%25B3_1", 2940.55, -106.94, "T", "SMD", "GND", "GND", "O", 62.99, 118.11, 0, 180],
		[107, "U21_1", 118.11, -543.31, "T", "SMD", "GPIO_6", "", "O", 62.99, 118.11, 0, 90],
		[108, "U22_1", 113.88, -1016.39, "T", "SMD", "3V3", "", "O", 62.99, 118.11, 0, 90],
		[109, "U23_1", 113.88, -862.88, "T", "SMD", "GPIO_2", "", "O", 62.99, 118.11, 0, 90]
	]
}
}