{
"lengthUnit": "mil",
"components": {
	"fields": ["COMPONENT_NO", "COMPONENT_NAME", "LAYER", "X_COORDINATE", "Y_COORDINATE", "ANGLE"],
	"rows": [
		[1, "%E6%97%A0%E6%BA%90%E8%9C%82%E9%B8%A3%E5%99%A8", "T", 1401.58, -1468.5, 180],
		[2, "BTN1", "T", 3334.65, -456.69, 270],
		[3, "BTN2", "T", 2776.13, -106.3, 0],
		[4, "BTN3", "T", 2350.39, -106.3, 0],
		[5, "C2 100NF", "T", 3280.45, -1287.4, 0],
		[6, "C3 10UF", "T", 3284.38, -1574.8, 0],
		[7, "C4 10UF", "T", 3284.38, -1421.26, 0],
		[8, "C5 100NF", "T", 3284.38, -1721.82, 0],
		[9, "LEFT", "T", 2007.09, -417.32, 180],
		[10, "LIGHT", "T", 3649.61, -433.07, 270],
		[11, "R4 5.1K", "T", 2992.13, -1196.85, 180],
		[12, "R5 5.1K", "T", 2992.13, -1090.55, 180],
		[13, "R6 10K", "T", 3031.5, -618.11, 90],
		[14, "RIGHT", "T", 2008.54, -1106.3, 0],
		[15, "U15 %E6%8B%BE%E9%9F%B3%E6%A8%A1%E5%9D%97(%E5%80%BE%E6%96%9C%E5%AE%89%E8%A3%85)", "T", 1732.28, -1248.03, 0],
		[16, "U22", "T", 2976.38, -1614.17, 0],
		[17, "U24 TypeC", "T", 3609.79, -1418.9, 90],
		[18, "U26", "T", 3299.21, -106.5, 180],
		[19, "U27", "T", 551.18, -1771.65, 0],
		[20, "U29", "T", 551.18, -118.11, 0],
		[21, "U_LIGHT", "T", 3618.11, -858.27, 90]
	]
},
"pins": {
	"fields": ["PIN_NO", "PIN_NAME", "PIN_X", "PIN_Y", "LAYER", "PIN_TYPE", "NET_NAME", "NET_TYPE", "PAD_SHAPE", "PAD_SIZEX", "PAD_SIZEY", "HOLE_SIZE", "PAD_ANGLE"],
	"rows": [
		[1, "%25E6%2597%25A0%25E6%25BA%2590%25E8%259C%2582%25E9%25B8%25A3%25E5%2599%25A8_1", 1529.58, -1468.5, "T", "DIP", "BUZZER", "", "C", 70, 70, 35.4, 180],
		[2, "%25E6%2597%25A0%25E6%25BA%2590%25E8%259C%2582%25E9%25B8%25A3%25E5%2599%25A8_1", 1529.58, -1468.5, "B", "DIP", "BUZZER", "", "C", 70, 70, 35.4, 180],
		[3, "%25E6%2597%25A0%25E6%25BA%2590%25E8%259C%2582%25E9%25B8%25A3%25E5%2599%25A8_2", 1273.58, -1468.5, "T", "DIP", "GND", "GND", "C", 70, 70, 35.4, 180],
		[4, "%25E6%2597%25A0%25E6%25BA%2590%25E8%259C%2582%25E9%25B8%25A3%25E5%2599%25A8_2", 1273.58, -1468.5, "B", "DIP", "GND", "GND", "C", 70, 70, 35.4, 180],
		[5, "BTN1_1", 3334.65, -407.48, "T", "DIP", "BTN1", "", "R", 70.87, 70.87, 43.31, 270],
		[6, "BTN1_1", 3334.65, -407.48, "B", "DIP", "BTN1", "", "R", 70.87, 70.87, 43.31, 270],
		[7, "BTN1_2", 3334.65, -505.9, "T", "DIP", "GND", "GND", "C", 70.87, 70.87, 43.31, 270],
		[8, "BTN1_2", 3334.65, -505.9, "B", "DIP", "GND", "GND", "C", 70.87, 70.87, 43.31, 270],
		[9, "BTN2_1", 2726.92, -106.3, "T", "DIP", "BTN2", "", "R", 70.87, 70.87, 43.31, 0],
		[10, "BTN2_1", 2726.92, -106.3, "B", "DIP", "BTN2", "", "R", 70.87, 70.87, 43.31, 0],
		[11, "BTN2_2", 2825.34, -106.3, "T", "DIP", "GND", "GND", "C", 70.87, 70.87, 43.31, 0],
		[12, "BTN2_2", 2825.34, -106.3, "B", "DIP", "GND", "GND", "C", 70.87, 70.87, 43.31, 0],
		[13, "BTN3_1", 2301.18, -106.3, "T", "DIP", "BTN3", "", "R", 70.87, 70.87, 43.31, 0],
		[14, "BTN3_1", 2301.18, -106.3, "B", "DIP", "BTN3", "", "R", 70.87, 70.87, 43.31, 0],
		[15, "BTN3_2", 2399.61, -106.3, "T", "DIP", "GND", "GND", "C", 70.87, 70.87, 43.31, 0],
		[16, "BTN3_2", 2399.61, -106.3, "B", "DIP", "GND", "GND", "C", 70.87, 70.87, 43.31, 0],
		[17, "C2 100NF_1", 3241.08, -1287.4, "T", "SMD", "VCC", "", "R", 55.51, 53.15, 0, 0],
		[18, "C2 100NF_2", 3319.82, -1287.4, "T", "SMD", "GND", "GND", "R", 55.51, 53.15, 0, 0],
		[19, "C3 10UF_1", 3245.01, -1574.8, "T", "SMD", "3V3", "", "R", 55.51, 53.15, 0, 0],
		[20, "C3 10UF_2", 3323.75, -1574.8, "T", "SMD", "GND", "GND", "R", 55.51, 53.15, 0, 0],
		[21, "C4 10UF_1", 3245.01, -1421.26, "T", "SMD", "VCC", "", "R", 55.51, 53.15, 0, 0],
		[22, "C4 10UF_2", 3323.75, -1421.26, "T", "SMD", "GND", "GND", "R", 55.51, 53.15, 0, 0],
		[23, "C5 100NF_1", 3245.01, -1721.82, "T", "SMD", "3V3", "", "R", 55.51, 53.15, 0, 0],
		[24, "C5 100NF_2", 3323.75, -1721.82, "T", "SMD", "GND", "GND", "R", 55.51, 53.15, 0, 0],
		[25, "LEFT_1", 2757.09, -417.32, "T", "DIP", "GND", "GND", "R", 62, 62, 35, 180],
		[26, "LEFT_1", 2757.09, -417.32, "B", "DIP", "GND", "GND", "R", 62, 62, 35, 180],
		[27, "LEFT_2", 2657.09, -417.32, "T", "DIP", "VCC", "", "C", 62, 62, 35, 180],
		[28, "LEFT_2", 2657.09, -417.32, "B", "DIP", "VCC", "", "C", 62, 62, 35, 180],
		[29, "LEFT_3", 2557.09, -417.32, "T", "DIP", "GPIO_9", "", "C", 62, 62, 35, 180],
		[30, "LEFT_3", 2557.09, -417.32, "B", "DIP", "GPIO_9", "", "C", 62, 62, 35, 180],
		[31, "LEFT_4", 2457.09, -417.32, "T", "DIP", "BTN1", "", "C", 62, 62, 35, 180],
		[32, "LEFT_4", 2457.09, -417.32, "B", "DIP", "BTN1", "", "C", 62, 62, 35, 180],
		[33, "LEFT_5", 2357.09, -417.32, "T", "DIP", "BTN2", "", "C", 62, 62, 35, 180],
		[34, "LEFT_5", 2357.09, -417.32, "B", "DIP", "BTN2", "", "C", 62, 62, 35, 180],
		[35, "LEFT_6", 2257.09, -417.32, "T", "DIP", "BTN3", "", "C", 62, 62, 35, 180],
		[36, "LEFT_6", 2257.09, -417.32, "B", "DIP", "BTN3", "", "C", 62, 62, 35, 180],
		[37, "LEFT_7", 2157.09, -417.32, "T", "DIP", "LEFT_7", "", "C", 62, 62, 35, 180],
		[38, "LEFT_7", 2157.09, -417.32, "B", "DIP", "LEFT_7", "", "C", 62, 62, 35, 180],
		[39, "LEFT_8", 2057.09, -417.32, "T", "DIP", "GND", "GND", "R", 62, 62, 35, 180],
		[40, "LEFT_8", 2057.09, -417.32, "B", "DIP", "GND", "GND", "R", 62, 62, 35, 180],
		[41, "LEFT_9", 1957.09, -417.32, "T", "DIP", "GPIO_11", "", "C", 62, 62, 35, 180],
		[42, "LEFT_9", 1957.09, -417.32, "B", "DIP", "GPIO_11", "", "C", 62, 62, 35, 180],
		[43, "LEFT_10", 1857.09, -417.32, "T", "DIP", "GPIO_7", "", "C", 62, 62, 35, 180],
		[44, "LEFT_10", 1857.09, -417.32, "B", "DIP", "GPIO_7", "", "C", 62, 62, 35, 180],
		[45, "LEFT_11", 1757.09, -417.32, "T", "DIP", "GPIO_6", "", "C", 62, 62, 35, 180],
		[46, "LEFT_11", 1757.09, -417.32, "B", "DIP", "GPIO_6", "", "C", 62, 62, 35, 180],
		[47, "LEFT_12", 1657.09, -417.32, "T", "DIP", "GPIO_10", "", "C", 62, 62, 35, 180],
		[48, "LEFT_12", 1657.09, -417.32, "B", "DIP", "GPIO_10", "", "C", 62, 62, 35, 180],
		[49, "LEFT_13", 1557.09, -417.32, "T", "DIP", "GPIO_3", "", "C", 62, 62, 35, 180],
		[50, "LEFT_13", 1557.09, -417.32, "B", "DIP", "GPIO_3", "", "C", 62, 62, 35, 180],
		[51, "LEFT_14", 1457.09, -417.32, "T", "DIP", "GPIO_2", "", "C", 62, 62, 35, 180],
		[52, "LEFT_14", 1457.09, -417.32, "B", "DIP", "GPIO_2", "", "C", 62, 62, 35, 180],
		[53, "LEFT_15", 1357.09, -417.32, "T", "DIP", "3V3_2", "", "C", 62, 62, 35, 180],
		[54, "LEFT_15", 1357.09, -417.32, "B", "DIP", "3V3_2", "", "C", 62, 62, 35, 180],
		[55, "LEFT_16", 1257.09, -417.32, "T", "DIP", "GND", "GND", "R", 62, 62, 35, 180],
		[56, "LEFT_16", 1257.09, -417.32, "B", "DIP", "GND", "GND", "R", 62, 62, 35, 180],
		[57, "LIGHT_1", 3649.61, -383.86, "T", "DIP", "3V3", "", "R", 70.87, 70.87, 43.31, 270],
		[58, "LIGHT_1", 3649.61, -383.86, "B", "DIP", "3V3", "", "R", 70.87, 70.87, 43.31, 270],
		[59, "LIGHT_2", 3649.61, -482.28, "T", "DIP", "GPIO_2", "", "C", 70.87, 70.87, 43.31, 270],
		[60, "LIGHT_2", 3649.61, -482.28, "B", "DIP", "GPIO_2", "", "C", 70.87, 70.87, 43.31, 270],
		[61, "R4 5.1K_1", 3031.5, -1196.85, "T", "SMD", "$1N7017", "", "R", 44.59, 54.21, 0, 180],
		[62, "R4 5.1K_2", 2952.76, -1196.85, "T", "SMD", "GND", "GND", "R", 44.59, 54.21, 0, 180],
		[63, "R5 5.1K_1", 3031.5, -1090.55, "T", "SMD", "$1N7056", "", "R", 44.59, 54.21, 0, 180],
		[64, "R5 5.1K_2", 2952.76, -1090.55, "T", "SMD", "GND", "GND", "R", 44.59, 54.21, 0, 180],
		[65, "R6 10K_1", 3031.5, -657.48, "T", "SMD", "GPIO_2", "", "R", 44.59, 54.21, 0, 90],
		[66, "R6 10K_2", 3031.5, -578.74, "T", "SMD", "GND", "GND", "R", 44.59, 54.21, 0, 90],
		[67, "RIGHT_1", 1258.54, -1106.3, "T", "DIP", "GND", "GND", "R", 62, 62, 35, 0],
		[68, "RIGHT_1", 1258.54, -1106.3, "B", "DIP", "GND", "GND", "R", 62, 62, 35, 0],
		[69, "RIGHT_2", 1358.54, -1106.3, "T", "DIP", "BUZZER", "", "C", 62, 62, 35, 0],
		[70, "RIGHT_2", 1358.54, -1106.3, "B", "DIP", "BUZZER", "", "C", 62, 62, 35, 0],
		[71, "RIGHT_3", 1458.54, -1106.3, "T", "DIP", "VOICE", "", "C", 62, 62, 35, 0],
		[72, "RIGHT_3", 1458.54, -1106.3, "B", "DIP", "VOICE", "", "C", 62, 62, 35, 0],
		[73, "RIGHT_4", 1558.54, -1106.3, "T", "DIP", "GPIO_12", "", "C", 62, 62, 35, 0],
		[74, "RIGHT_4", 1558.54, -1106.3, "B", "DIP", "GPIO_12", "", "C", 62, 62, 35, 0],
		[75, "RIGHT_5", 1658.54, -1106.3, "T", "DIP", "GPIO_18", "", "C", 62, 62, 35, 0],
		[76, "RIGHT_5", 1658.54, -1106.3, "B", "DIP", "GPIO_18", "", "C", 62, 62, 35, 0],
		[77, "RIGHT_6", 1758.54, -1106.3, "T", "DIP", "GPIO_19", "", "C", 62, 62, 35, 0],
		[78, "RIGHT_6", 1758.54, -1106.3, "B", "DIP", "GPIO_19", "", "C", 62, 62, 35, 0],
		[79, "RIGHT_7", 1858.54, -1106.3, "T", "DIP", "GND", "GND", "R", 62, 62, 35, 0],
		[80, "RIGHT_7", 1858.54, -1106.3, "B", "DIP", "GND", "GND", "R", 62, 62, 35, 0],
		[81, "RIGHT_8", 1958.54, -1106.3, "T", "DIP", "RIGHT_8", "", "C", 62, 62, 35, 0],
		[82, "RIGHT_8", 1958.54, -1106.3, "B", "DIP", "RIGHT_8", "", "C", 62, 62, 35, 0],
		[83, "RIGHT_9", 2058.54, -1106.3, "T", "DIP", "RIGHT_9", "", "C", 62, 62, 35, 0],
		[84, "RIGHT_9", 2058.54, -1106.3, "B", "DIP", "RIGHT_9", "", "C", 62, 62, 35, 0],
		[85, "RIGHT_10", 2158.54, -1106.3, "T", "DIP", "GPIO_13", "", "C", 62, 62, 35, 0],
		[86, "RIGHT_10", 2158.54, -1106.3, "B", "DIP", "GPIO_13", "", "C", 62, 62, 35, 0],
		[87, "RIGHT_11", 2258.54, -1106.3, "T", "DIP", "RIGHT_11", "", "C", 62, 62, 35, 0],
		[88, "RIGHT_11", 2258.54, -1106.3, "B", "DIP", "RIGHT_11", "", "C", 62, 62, 35, 0],
		[89, "RIGHT_12", 2358.54, -1106.3, "T", "DIP", "RIGHT_12", "", "C", 62, 62, 35, 0],
		[90, "RIGHT_12", 2358.54, -1106.3, "B", "DIP", "RIGHT_12", "", "C", 62, 62, 35, 0],
		[91, "RIGHT_13", 2458.54, -1106.3, "T", "DIP", "3V3", "", "C", 62, 62, 35, 0],
		[92, "RIGHT_13", 2458.54, -1106.3, "B", "DIP", "3V3", "", "C", 62, 62, 35, 0],
		[93, "RIGHT_14", 2558.54, -1106.3, "T", "DIP", "GND", "GND", "R", 62, 62, 35, 0],
		[94, "RIGHT_14", 2558.54, -1106.3, "B", "DIP", "GND", "GND", "R", 62, 62, 35, 0],
		[95, "RIGHT_15", 2658.54, -1106.3, "T", "DIP", "RIGHT_15", "", "C", 62, 62, 35, 0],
		[96, "RIGHT_15", 2658.54, -1106.3, "B", "DIP", "RIGHT_15", "", "C", 62, 62, 35, 0],
		[97, "RIGHT_16", 2758.54, -1106.3, "T", "DIP", "RIGHT_16", "", "C", 62, 62, 35, 0],
		[98, "RIGHT_16", 2758.54, -1106.3, "B", "DIP", "RIGHT_16", "", "C", 62, 62, 35, 0],
		[99, "U15 %25E6%258B%25BE%25E9%259F%25B3%25E6%25A8%25A1%25E5%259D%2597(%25E5%2580%25BE%25E6%2596%259C%25E5%25AE%2589%25E8%25A3%2585)_1", 2672.28, -1728.03, "T", "DIP", "U15 %25E6%258B%25BE%25E9%259F%25B3%25E6%25A8%25A1%25E5%259D%2597(%25E5%2580%25BE%25E6%2596%259C%25E5%25AE%2589%25E8%25A3%2585)_1", "", "C", 78.74, 78.74, 47.24, 270],
		[100, "U15 %25E6%258B%25BE%25E9%259F%25B3%25E6%25A8%25A1%25E5%259D%2597(%25E5%2580%25BE%25E6%2596%259C%25E5%25AE%2589%25E8%25A3%2585)_1", 2672.28, -1728.03, "B", "DIP", "U15 %25E6%258B%25BE%25E9%259F%25B3%25E6%25A8%25A1%25E5%259D%2597(%25E5%2580%25BE%25E6%2596%259C%25E5%25AE%2589%25E8%25A3%2585)_1", "", "C", 78.74, 78.74, 47.24, 270],
		[101, "U15 %25E6%258B%25BE%25E9%259F%25B3%25E6%25A8%25A1%25E5%259D%2597(%25E5%2580%25BE%25E6%2596%259C%25E5%25AE%2589%25E8%25A3%2585)_2", 2672.28, -1628.03, "T", "DIP", "VOICE", "", "C", 78.74, 78.74, 47.24, 270],
		[102, "U15 %25E6%258B%25BE%25E9%259F%25B3%25E6%25A8%25A1%25E5%259D%2597(%25E5%2580%25BE%25E6%2596%259C%25E5%25AE%2589%25E8%25A3%2585)_2", 2672.28, -1628.03, "B", "DIP", "VOICE", "", "C", 78.74, 78.74, 47.24, 270],
		[103, "U15 %25E6%258B%25BE%25E9%259F%25B3%25E6%25A8%25A1%25E5%259D%2597(%25E5%2580%25BE%25E6%2596%259C%25E5%25AE%2589%25E8%25A3%2585)_3", 2672.28, -1528.03, "T", "DIP", "GND", "GND", "R", 78.74, 78.74, 47.24, 270],
		[104, "U15 %25E6%258B%25BE%25E9%259F%25B3%25E6%25A8%25A1%25E5%259D%2597(%25E5%2580%25BE%25E6%2596%259C%25E5%25AE%2589%25E8%25A3%2585)_3", 2672.28, -1528.03, "B", "DIP", "GND", "GND", "R", 78.74, 78.74, 47.24, 270],
		[105, "U15 %25E6%258B%25BE%25E9%259F%25B3%25E6%25A8%25A1%25E5%259D%2597(%25E5%2580%25BE%25E6%2596%259C%25E5%25AE%2589%25E8%25A3%2585)_4", 2672.28, -1428.03, "T", "DIP", "3V3", "", "C", 78.74, 78.74, 47.24, 270],
		[106, "U15 %25E6%258B%25BE%25E9%259F%25B3%25E6%25A8%25A1%25E5%259D%2597(%25E5%2580%25BE%25E6%2596%259C%25E5%25AE%2589%25E8%25A3%2585)_4", 2672.28, -1428.03, "B", "DIP", "3V3", "", "C", 78.74, 78.74, 47.24, 270],
		[107, "U15 %25E6%258B%25BE%25E9%259F%25B3%25E6%25A8%25A1%25E5%259D%2597(%25E5%2580%25BE%25E6%2596%259C%25E5%25AE%2589%25E8%25A3%2585)_5", 2672.28, -1328.03, "T", "DIP", "GND", "GND", "R", 78.74, 78.74, 47.24, 270],
		[108, "U15 %25E6%258B%25BE%25E9%259F%25B3%25E6%25A8%25A1%25E5%259D%2597(%25E5%2580%25BE%25E6%2596%259C%25E5%25AE%2589%25E8%25A3%2585)_5", 2672.28, -1328.03, "B", "DIP", "GND", "GND", "R", 78.74, 78.74, 47.24, 270],
		[109, "U22_1", 3088.88, -1704.72, "T", "SMD", "GND", "GND", "R", 97.05, 41.34, 0, 0],
		[110, "U22_2", 3088.88, -1614.17, "T", "SMD", "3V3", "", "R", 97.05, 41.34, 0, 0],
		[111, "U22_3", 3088.88, -1523.62, "T", "SMD", "VCC", "", "R", 97.05, 41.34, 0, 0],
		[112, "U22_4", 2863.88, -1614.17, "T", "SMD", "U22_4", "", "R", 97.05, 139.37, 0, 0],
		[113, "U24 TypeC_1", 3609.79, -1615.75, "T", "DIP", "SW", "", "R", 59.05, 59.05, 35.43, 90],
		[114, "U24 TypeC_1", 3609.79, -1615.75, "B", "DIP", "SW", "", "R", 59.05, 59.05, 35.43, 90],
		[115, "U24 TypeC_2", 3609.79, -1537.01, "T", "DIP", "$1N7017", "", "C", 59.05, 59.05, 35.43, 90],
		[116, "U24 TypeC_2", 3609.79, -1537.01, "B", "DIP", "$1N7017", "", "C", 59.05, 59.05, 35.43, 90],
		[117, "U24 TypeC_3", 3609.79, -1458.27, "T", "DIP", "$1N7056", "", "C", 59.05, 59.05, 35.43, 90],
		[118, "U24 TypeC_3", 3609.79, -1458.27, "B", "DIP", "$1N7056", "", "C", 59.05, 59.05, 35.43, 90],
		[119, "U24 TypeC_4", 3609.79, -1379.53, "T", "DIP", "GPIO_18", "", "C", 59.05, 59.05, 35.43, 90],
		[120, "U24 TypeC_4", 3609.79, -1379.53, "B", "DIP", "GPIO_18", "", "C", 59.05, 59.05, 35.43, 90],
		[121, "U24 TypeC_5", 3609.79, -1300.79, "T", "DIP", "GPIO_19", "", "C", 59.05, 59.05, 35.43, 90],
		[122, "U24 TypeC_5", 3609.79, -1300.79, "B", "DIP", "GPIO_19", "", "C", 59.05, 59.05, 35.43, 90],
		[123, "U24 TypeC_6", 3609.79, -1222.05, "T", "DIP", "GND", "GND", "C", 59.05, 59.05, 35.43, 90],
		[124, "U24 TypeC_6", 3609.79, -1222.05, "B", "DIP", "GND", "GND", "C", 59.05, 59.05, 35.43, 90],
		[125, "U26_1", 3446.85, -106.5, "T", "DIP", "GND", "GND", "R", 60, 62.99, 43.31, 180],
		[126, "U26_1", 3446.85, -106.5, "B", "DIP", "GND", "GND", "R", 60, 62.99, 43.31, 180],
		[127, "U26_2", 3348.42, -106.5, "T", "DIP", "VCC", "", "C", 62.99, 62.99, 43.31, 180],
		[128, "U26_2", 3348.42, -106.5, "B", "DIP", "VCC", "", "C", 62.99, 62.99, 43.31, 180],
		[129, "U26_3", 3250, -106.5, "T", "DIP", "SW", "", "C", 62.99, 62.99, 43.31, 180],
		[130, "U26_3", 3250, -106.5, "B", "DIP", "SW", "", "C", 62.99, 62.99, 43.31, 180],
		[131, "U26_4", 3151.57, -106.5, "T", "DIP", "GPIO_3", "", "C", 62.99, 62.99, 43.31, 180],
		[132, "U26_4", 3151.57, -106.5, "B", "DIP", "GPIO_3", "", "C", 62.99, 62.99, 43.31, 180],
		[133, "U27_1", 403.54, -1771.65, "T", "DIP", "GPIO_10", "", "R", 60, 62.99, 43.31, 0],
		[134, "U27_1", 403.54, -1771.65, "B", "DIP", "GPIO_10", "", "R", 60, 62.99, 43.31, 0],
		[135, "U27_2", 501.97, -1771.65, "T", "DIP", "GPIO_7", "", "C", 62.99, 62.99, 43.31, 0],
		[136, "U27_2", 501.97, -1771.65, "B", "DIP", "GPIO_7", "", "C", 62.99, 62.99, 43.31, 0],
		[137, "U27_3", 600.39, -1771.65, "T", "DIP", "3V3_2", "", "C", 62.99, 62.99, 43.31, 0],
		[138, "U27_3", 600.39, -1771.65, "B", "DIP", "3V3_2", "", "C", 62.99, 62.99, 43.31, 0],
		[139, "U27_4", 698.82, -1771.65, "T", "DIP", "GND", "GND", "C", 62.99, 62.99, 43.31, 0],
		[140, "U27_4", 698.82, -1771.65, "B", "DIP", "GND", "GND", "C", 62.99, 62.99, 43.31, 0],
		[141, "U29_1", 301.18, -118.11, "T", "DIP", "U29_1", "", "C", 60, 60, 40.16, 0],
		[142, "U29_1", 301.18, -118.11, "B", "DIP", "U29_1", "", "C", 60, 60, 40.16, 0],
		[143, "U29_2", 401.18, -118.11, "T", "DIP", "U29_2", "", "C", 60, 60, 40.16, 0],
		[144, "U29_2", 401.18, -118.11, "B", "DIP", "U29_2", "", "C", 60, 60, 40.16, 0],
		[145, "U29_3", 501.18, -118.11, "T", "DIP", "GPIO_10", "", "C", 60, 60, 40.16, 0],
		[146, "U29_3", 501.18, -118.11, "B", "DIP", "GPIO_10", "", "C", 60, 60, 40.16, 0],
		[147, "U29_4", 601.18, -118.11, "T", "DIP", "GPIO_7", "", "C", 60, 60, 40.16, 0],
		[148, "U29_4", 601.18, -118.11, "B", "DIP", "GPIO_7", "", "C", 60, 60, 40.16, 0],
		[149, "U29_5", 701.18, -118.11, "T", "DIP", "3V3_2", "", "C", 60, 60, 40.16, 0],
		[150, "U29_5", 701.18, -118.11, "B", "DIP", "3V3_2", "", "C", 60, 60, 40.16, 0],
		[151, "U29_6", 801.18, -118.11, "T", "DIP", "GND", "GND", "C", 60, 60, 40.16, 0],
		[152, "U29_6", 801.18, -118.11, "B", "DIP", "GND", "GND", "C", 60, 60, 40.16, 0],
		[153, "U_LIGHT_1", 3618.11, -958.27, "T", "DIP", "VCC", "", "R", 62.99, 62.99, 39.37, 90],
		[154, "U_LIGHT_1", 3618.11, -958.27, "B", "DIP", "VCC", "", "R", 62.99, 62.99, 39.37, 90],
		[155, "U_LIGHT_2", 3618.12, -858.27, "T", "DIP", "GPIO_6", "", "C", 62.99, 62.99, 39.37, 90],
		[156, "U_LIGHT_2", 3618.12, -858.27, "B", "DIP", "GPIO_6", "", "C", 62.99, 62.99, 39.37, 90],
		[157, "U_LIGHT_3", 3618.12, -758.27, "T", "DIP", "GND", "GND", "C", 62.99, 62.99, 39.37, 90],
		[158, "U_LIGHT_3", 3618.12, -758.27, "B", "DIP", "GND", "GND", "C", 62.99, 62.99, 39.37, 90]
	]
}
}